,website
0,apple.com
1,youtube.com
2,www.google.com
3,play.google.com
4,support.google.com
5,linkedin.com
6,www.blogger.com
7,microsoft.com
8,en.wikipedia.org
9,adobe.com
10,cloudflare.com
11,wordpress.org
12,maps.google.com
13,youtu.be
14,docs.google.com
15,vimeo.com
16,plus.google.com
17,sites.google.com
18,mozilla.org
19,accounts.google.com
20,europa.eu
21,drive.google.com
22,bbc.co.uk
23,medium.com
24,github.com
25,es.wikipedia.org
26,pt.wikipedia.org
27,facebook.com
28,amazon.com
29,uol.com.br
30,line.me
31,istockphoto.com
32,vk.com
33,brandbucket.com
34,creativecommons.org
35,google.com.br
36,theguardian.com
37,paypal.com
38,opera.com
39,dailymotion.com
40,dropbox.com
41,mail.ru
42,whatsapp.com
43,imdb.com
44,globo.com
45,policies.google.com
46,nih.gov
47,developers.google.com
48,abril.com.br
49,slideshare.net
50,wikimedia.org
51,msn.com
52,forbes.com
53,google.es
54,w3.org
55,gstatic.com
56,mail.google.com
57,mediafire.com
58,issuu.com
59,get.google.com
60,nytimes.com
61,jimdofree.com
62,hugedomains.com
63,google.co.jp
64,www.yahoo.com
65,myspace.com
66,google.de
67,reuters.com
68,fr.wikipedia.org
69,feedburner.com
70,bbc.com
71,news.google.com
72,cnn.com
73,t.me
74,live.com
75,scribd.com
76,cpanel.com
77,ft.com
78,usatoday.com
79,samsung.com
80,themeforest.net
81,translate.google.com
82,indiatimes.com
83,lefigaro.fr
84,amazon.co.jp
85,dailymail.co.uk
86,washingtonpost.com
87,id.wikipedia.org
88,webmd.com
89,dan.com
90,afternic.com
91,draft.blogger.com
92,youronlinechoices.com
93,www.weebly.com
94,files.wordpress.com
95,google.co.uk
96,thesun.co.uk
97,google.it
98,myaccount.google.com
99,fandom.com
100,independent.co.uk
101,namecheap.com
102,terra.com.br
103,ig.com.br
104,google.fr
105,plesk.com
106,huffingtonpost.com
107,books.google.com
108,mirror.co.uk
109,www.wikipedia.org
110,un.org
111,ipv4.google.com
112,marketingplatform.google.com
113,businessinsider.com
114,gravatar.com
115,news.yahoo.com
116,twitter.com
117,bit.ly
118,hatena.ne.jp
119,steampowered.com
120,it.wikipedia.org
121,latimes.com
122,4shared.com
123,who.int
124,search.google.com
125,pinterest.com
126,nasa.gov
127,office.com
128,aboutads.info
129,harvard.edu
130,telegraph.co.uk
131,amazon.co.uk
132,time.com
133,abcnews.go.com
134,foxnews.com
135,rakuten.co.jp
136,picasaweb.google.com
137,google.ru
138,tinyurl.com
139,change.org
140,cnet.com
141,wsj.com
142,aol.com
143,tools.google.com
144,ebay.com
145,buydomains.com
146,aliexpress.com
147,networkadvertising.org
148,photos.google.com
149,fb.com
150,cpanel.net
151,cdc.gov
152,goo.gl
153,telegram.me
154,wikia.com
155,archive.org
156,amazon.de
157,www.gov.uk
158,elpais.com
159,wired.com
160,booking.com
161,huffpost.com
162,ok.ru
163,google.pl
164,bloomberg.com
165,de.wikipedia.org
166,android.com
167,google.nl
168,wiley.com
169,wa.me
170,nbcnews.com
171,newsweek.com
172,nginx.com
173,google.ca
174,cbc.ca
175,spotify.com
176,corriere.it
177,columbia.edu
178,shopify.com
179,mit.edu
180,t.co
181,xbox.com
182,yadi.sk
183,enable-javascript.com
184,www.over-blog.com
185,sciencedirect.com
186,lemonde.fr
187,icann.org
188,pixabay.com
189,blackberry.com
190,ru.wikipedia.org
191,mysql.com
192,ziddu.com
193,sedo.com
194,imageshack.us
195,google.co.id
196,soundcloud.com
197,sciencemag.org
198,engadget.com
199,surveymonkey.com
200,pbs.org
201,kickstarter.com
202,naver.com
203,bitly.com
204,sciencedaily.com
205,academia.edu
206,sputniknews.com
207,doubleclick.net
208,smh.com.au
209,npr.org
210,twitch.tv
211,espn.com
212,rambler.ru
213,stanford.edu
214,wikihow.com
215,theatlantic.com
216,eventbrite.com
217,mashable.com
218,quora.com
219,disney.com
220,elmundo.es
221,privacyshield.gov
222,digg.com
223,groups.yahoo.com
224,yandex.ru
225,goodreads.com
226,finance.yahoo.com
227,welt.de
228,skype.com
229,gizmodo.com
230,pl.wikipedia.org
231,asus.com
232,berkeley.edu
233,photobucket.com
234,weibo.com
235,chicagotribune.com
236,dw.com
237,lycos.com
238,deezer.com
239,alibaba.com
240,ikea.com
241,ea.com
242,express.co.uk
243,ja.wikipedia.org
244,spiegel.de
245,mega.nz
246,cambridge.org
247,allaboutcookies.org
248,nikkei.com
249,umich.edu
250,picasa.google.com
251,metro.co.uk
252,apache.org
253,theglobeandmail.com
254,netflix.com
255,storage.googleapis.com
256,nationalgeographic.com
257,cornell.edu
258,yahoo.co.jp
259,gofundme.com
260,whitehouse.gov
261,abc.es
262,nypost.com
263,washington.edu
264,php.net
265,britannica.com
266,loc.gov
267,adssettings.google.com
268,psychologytoday.com
269,disqus.com
270,buzzfeed.com
271,ovh.co.uk
272,shutterstock.com
273,news.com.au
274,goo.ne.jp
275,detik.com
276,discord.gg
277,nydailynews.com
278,search.yahoo.com
279,repubblica.it
280,amazon.fr
281,yelp.com
282,target.com
283,instagram.com
284,rottentomatoes.com
285,researchgate.net
286,techcrunch.com
287,unesco.org
288,forms.gle
289,sfgate.com
290,princeton.edu
291,bloglovin.com
292,google.com.tw
293,list-manage.com
294,sapo.pt
295,cnil.fr
296,ted.com
297,www.wix.com
298,cbsnews.com
299,rt.com
300,trustpilot.com
301,biglobe.ne.jp
302,gmail.com
303,gnu.org
304,hollywoodreporter.com
305,nature.com
306,cnbc.com
307,mozilla.com
308,ria.ru
309,guardian.co.uk
310,playstation.com
311,tripadvisor.com
312,oracle.com
313,bp0.blogger.com
314,abc.net.au
315,sendspace.com
316,ign.com
317,walmart.com
318,ovh.com
319,bing.com
320,groups.google.com
321,bandcamp.com
322,m.wikipedia.org
323,instructables.com
324,addtoany.com
325,depositfiles.com
326,urbandictionary.com
327,nginx.org
328,wp.com
329,netvibes.com
330,my.yahoo.com
331,stackoverflow.com
332,theverge.com
333,thetimes.co.uk
334,about.com
335,code.google.com
336,box.com
337,economist.com
338,noaa.gov
339,photos1.blogger.com
340,ovh.net
341,google.co.in
342,secureserver.net
343,ibm.com
344,variety.com
345,oup.com
346,googleblog.com
347,addthis.com
348,bp2.blogger.com
349,hp.com
350,amzn.to
351,zendesk.com
352,amazon.es
353,hm.com
354,ietf.org
355,stuff.co.nz
356,dribbble.com
357,sina.com.cn
358,wiktionary.org
359,iubenda.com
360,greenpeace.org
361,so-net.ne.jp
362,utexas.edu
363,narod.ru
364,state.gov
365,udemy.com
366,newyorker.com
367,symantec.com
368,excite.co.jp
369,pinterest.co.uk
370,ndtv.com
371,viagens.com.br
372,thedailybeast.com
373,behance.net
374,foursquare.com
375,example.com
376,ed.gov
377,sakura.ne.jp
378,axs.com
379,airbnb.com
380,xing.com
381,ebay.co.uk
382,house.gov
383,dell.com
384,google.com.au
385,zdnet.com
386,weforum.org
387,si.edu
388,reverbnation.com
389,interia.pl
390,businesswire.com
391,unsplash.com
392,a8.net
393,tabelog.com
394,answers.com
395,dreniq.com
396,amazon.it
397,scientificamerican.com
398,businessinsider.com.au
399,psu.edu
400,oecd.org
401,tmz.com
402,eonline.com
403,ucla.edu
404,thehill.com
405,answers.yahoo.com
406,www.livejournal.com
407,doi.org
408,orange.fr
409,khanacademy.org
410,salon.com
411,mixcloud.com
412,liveinternet.ru
413,cia.gov
414,offset.com
415,thestar.com
416,discovery.com
417,investopedia.com
418,slate.com
419,adweek.com
420,steamcommunity.com
421,about.me
422,nps.gov
423,asahi.com
424,huawei.com
425,zeit.de
426,consumerreports.org
427,imgur.com
428,wn.com
429,home.pl
430,outlook.com
431,coursera.org
432,uiuc.edu
433,statista.com
434,undeveloped.com
435,video.google.com
436,usgs.gov
437,gutenberg.org
438,marketwatch.com
439,bp1.blogger.com
440,amazon.ca
441,mystrikingly.com
442,standard.co.uk
443,feedproxy.google.com
444,politico.com
445,worldbank.org
446,digitaltrends.com
447,venturebeat.com
448,indiegogo.com
449,amazon.in
450,fifa.com
451,bund.de
452,xinhuanet.com
453,pewresearch.org
454,vkontakte.ru
455,e-monsite.com
456,daum.net
457,nba.com
458,dot.tk
459,entrepreneur.com
460,channel4.com
461,thefreedictionary.com
462,ameblo.jp
463,pastebin.com
464,nokia.com
465,scoop.it
466,dictionary.com
467,boston.com
468,e-recht24.de
469,arstechnica.com
470,techradar.com
471,etsy.com
472,000webhost.com
473,merriam-webster.com
474,www.canalblog.com
475,netlify.app
476,lifehacker.com
477,parallels.com
478,rediff.com
479,canva.com
480,ucoz.ru
481,hbr.org
482,inc.com
483,calameo.com
484,marriott.com
485,billboard.com
486,irs.gov
487,thoughtco.com
